年份,指标,数值,单位,值状态,指标范围,版本,来源ID,证据等级,来源URL,备注
2012,guest_rooms,2587,count,observed_yearbook,above_designated_size_accommodation_and_catering,jizhou_yearbook_2021,gov_jz_yearbook_2021,1,https://www.tjjz.gov.cn/zwgk/sjfb/tjnb/202211/W020250107625770490134.rar,限额以上住宿和餐饮业口径；不得代表全区住宿总供给
2012,beds,5248,count,observed_yearbook,above_designated_size_accommodation_and_catering,jizhou_yearbook_2021,gov_jz_yearbook_2021,1,https://www.tjjz.gov.cn/zwgk/sjfb/tjnb/202211/W020250107625770490134.rar,限额以上住宿和餐饮业口径；不得代表全区住宿总供给
2012,room_revenue,8462.8,10k_cny,observed_yearbook,above_designated_size_accommodation_and_catering,jizhou_yearbook_2021,gov_jz_yearbook_2021,1,https://www.tjjz.gov.cn/zwgk/sjfb/tjnb/202211/W020250107625770490134.rar,限额以上住宿和餐饮业口径；不得代表全区住宿总供给
2013,guest_rooms,3624,count,observed_yearbook,above_designated_size_accommodation_and_catering,jizhou_yearbook_2021,gov_jz_yearbook_2021,1,https://www.tjjz.gov.cn/zwgk/sjfb/tjnb/202211/W020250107625770490134.rar,限额以上住宿和餐饮业口径；不得代表全区住宿总供给
2013,beds,7350,count,observed_yearbook,above_designated_size_accommodation_and_catering,jizhou_yearbook_2021,gov_jz_yearbook_2021,1,https://www.tjjz.gov.cn/zwgk/sjfb/tjnb/202211/W020250107625770490134.rar,限额以上住宿和餐饮业口径；不得代表全区住宿总供给
2013,room_revenue,12247,10k_cny,observed_yearbook,above_designated_size_accommodation_and_catering,jizhou_yearbook_2021,gov_jz_yearbook_2021,1,https://www.tjjz.gov.cn/zwgk/sjfb/tjnb/202211/W020250107625770490134.rar,限额以上住宿和餐饮业口径；不得代表全区住宿总供给
2014,guest_rooms,3739,count,observed_yearbook,above_designated_size_accommodation_and_catering,jizhou_yearbook_2021,gov_jz_yearbook_2021,1,https://www.tjjz.gov.cn/zwgk/sjfb/tjnb/202211/W020250107625770490134.rar,限额以上住宿和餐饮业口径；不得代表全区住宿总供给
2014,beds,7589,count,observed_yearbook,above_designated_size_accommodation_and_catering,jizhou_yearbook_2021,gov_jz_yearbook_2021,1,https://www.tjjz.gov.cn/zwgk/sjfb/tjnb/202211/W020250107625770490134.rar,限额以上住宿和餐饮业口径；不得代表全区住宿总供给
2014,room_revenue,9777.6,10k_cny,observed_yearbook,above_designated_size_accommodation_and_catering,jizhou_yearbook_2021,gov_jz_yearbook_2021,1,https://www.tjjz.gov.cn/zwgk/sjfb/tjnb/202211/W020250107625770490134.rar,限额以上住宿和餐饮业口径；不得代表全区住宿总供给
2015,guest_rooms,4008,count,observed_yearbook,above_designated_size_accommodation_and_catering,jizhou_yearbook_2021,gov_jz_yearbook_2021,1,https://www.tjjz.gov.cn/zwgk/sjfb/tjnb/202211/W020250107625770490134.rar,限额以上住宿和餐饮业口径；不得代表全区住宿总供给
2015,beds,7936,count,observed_yearbook,above_designated_size_accommodation_and_catering,jizhou_yearbook_2021,gov_jz_yearbook_2021,1,https://www.tjjz.gov.cn/zwgk/sjfb/tjnb/202211/W020250107625770490134.rar,限额以上住宿和餐饮业口径；不得代表全区住宿总供给
2015,room_revenue,12642.8,10k_cny,observed_yearbook,above_designated_size_accommodation_and_catering,jizhou_yearbook_2021,gov_jz_yearbook_2021,1,https://www.tjjz.gov.cn/zwgk/sjfb/tjnb/202211/W020250107625770490134.rar,限额以上住宿和餐饮业口径；不得代表全区住宿总供给
2016,guest_rooms,6744,count,observed_yearbook,above_designated_size_accommodation_and_catering,jizhou_yearbook_2021,gov_jz_yearbook_2021,1,https://www.tjjz.gov.cn/zwgk/sjfb/tjnb/202211/W020250107625770490134.rar,限额以上住宿和餐饮业口径；2016—2017存在明显名录或范围断点
2016,beds,16386,count,observed_yearbook,above_designated_size_accommodation_and_catering,jizhou_yearbook_2021,gov_jz_yearbook_2021,1,https://www.tjjz.gov.cn/zwgk/sjfb/tjnb/202211/W020250107625770490134.rar,限额以上住宿和餐饮业口径；2016—2017存在明显名录或范围断点
2016,room_revenue,12261.3,10k_cny,observed_yearbook,above_designated_size_accommodation_and_catering,jizhou_yearbook_2021,gov_jz_yearbook_2021,1,https://www.tjjz.gov.cn/zwgk/sjfb/tjnb/202211/W020250107625770490134.rar,限额以上住宿和餐饮业口径；2016—2017存在明显名录或范围断点
2017,guest_rooms,1402,count,observed_yearbook,above_designated_size_accommodation_and_catering,jizhou_yearbook_2021,gov_jz_yearbook_2021,1,https://www.tjjz.gov.cn/zwgk/sjfb/tjnb/202211/W020250107625770490134.rar,限额以上住宿和餐饮业口径；2016—2017存在明显名录或范围断点
2017,beds,2772,count,observed_yearbook,above_designated_size_accommodation_and_catering,jizhou_yearbook_2021,gov_jz_yearbook_2021,1,https://www.tjjz.gov.cn/zwgk/sjfb/tjnb/202211/W020250107625770490134.rar,限额以上住宿和餐饮业口径；2016—2017存在明显名录或范围断点
2017,room_revenue,5855,10k_cny,observed_yearbook,above_designated_size_accommodation_and_catering,jizhou_yearbook_2021,gov_jz_yearbook_2021,1,https://www.tjjz.gov.cn/zwgk/sjfb/tjnb/202211/W020250107625770490134.rar,限额以上住宿和餐饮业口径；2016—2017存在明显名录或范围断点
2018,guest_rooms,1402,count,observed_yearbook,above_designated_size_accommodation_and_catering,jizhou_yearbook_2021,gov_jz_yearbook_2021,1,https://www.tjjz.gov.cn/zwgk/sjfb/tjnb/202211/W020250107625770490134.rar,限额以上住宿和餐饮业口径；不得代表全区住宿总供给
2018,beds,2596,count,observed_yearbook,above_designated_size_accommodation_and_catering,jizhou_yearbook_2021,gov_jz_yearbook_2021,1,https://www.tjjz.gov.cn/zwgk/sjfb/tjnb/202211/W020250107625770490134.rar,限额以上住宿和餐饮业口径；不得代表全区住宿总供给
2018,room_revenue,6772.3,10k_cny,observed_yearbook,above_designated_size_accommodation_and_catering,jizhou_yearbook_2021,gov_jz_yearbook_2021,1,https://www.tjjz.gov.cn/zwgk/sjfb/tjnb/202211/W020250107625770490134.rar,限额以上住宿和餐饮业口径；不得代表全区住宿总供给
2019,guest_rooms,1391,count,observed_yearbook,above_designated_size_accommodation_and_catering,jizhou_yearbook_2021,gov_jz_yearbook_2021,1,https://www.tjjz.gov.cn/zwgk/sjfb/tjnb/202211/W020250107625770490134.rar,限额以上住宿和餐饮业口径；不得代表全区住宿总供给
2019,beds,2600,count,observed_yearbook,above_designated_size_accommodation_and_catering,jizhou_yearbook_2021,gov_jz_yearbook_2021,1,https://www.tjjz.gov.cn/zwgk/sjfb/tjnb/202211/W020250107625770490134.rar,限额以上住宿和餐饮业口径；不得代表全区住宿总供给
2019,room_revenue,6538.4,10k_cny,observed_yearbook,above_designated_size_accommodation_and_catering,jizhou_yearbook_2021,gov_jz_yearbook_2021,1,https://www.tjjz.gov.cn/zwgk/sjfb/tjnb/202211/W020250107625770490134.rar,限额以上住宿和餐饮业口径；不得代表全区住宿总供给
2020,guest_rooms,1441,count,observed_yearbook,above_designated_size_accommodation_and_catering,jizhou_yearbook_2021,gov_jz_yearbook_2021,1,https://www.tjjz.gov.cn/zwgk/sjfb/tjnb/202211/W020250107625770490134.rar,限额以上住宿和餐饮业口径；不得代表全区住宿总供给
2020,beds,2672,count,observed_yearbook,above_designated_size_accommodation_and_catering,jizhou_yearbook_2021,gov_jz_yearbook_2021,1,https://www.tjjz.gov.cn/zwgk/sjfb/tjnb/202211/W020250107625770490134.rar,限额以上住宿和餐饮业口径；不得代表全区住宿总供给
2020,room_revenue,6068,10k_cny,observed_yearbook,above_designated_size_accommodation_and_catering,jizhou_yearbook_2021,gov_jz_yearbook_2021,1,https://www.tjjz.gov.cn/zwgk/sjfb/tjnb/202211/W020250107625770490134.rar,限额以上住宿和餐饮业口径；不得代表全区住宿总供给
2021,guest_rooms,1342,count,observed_yearbook,above_designated_size_accommodation_and_catering,jizhou_yearbook_2021,gov_jz_yearbook_2021,1,https://www.tjjz.gov.cn/zwgk/sjfb/tjnb/202211/W020250107625770490134.rar,限额以上住宿和餐饮业口径；不得代表全区住宿总供给
2021,beds,2474,count,observed_yearbook,above_designated_size_accommodation_and_catering,jizhou_yearbook_2021,gov_jz_yearbook_2021,1,https://www.tjjz.gov.cn/zwgk/sjfb/tjnb/202211/W020250107625770490134.rar,限额以上住宿和餐饮业口径；不得代表全区住宿总供给
2021,room_revenue,7125.6,10k_cny,observed_yearbook,above_designated_size_accommodation_and_catering,jizhou_yearbook_2021,gov_jz_yearbook_2021,1,https://www.tjjz.gov.cn/zwgk/sjfb/tjnb/202211/W020250107625770490134.rar,限额以上住宿和餐饮业口径；不得代表全区住宿总供给
2022,guest_rooms,1085,count,observed_yearbook,above_designated_size_accommodation_and_catering,jizhou_yearbook_2022,gov_jz_yearbook_2022,1,https://www.tjjz.gov.cn/zwgk/sjfb/tjnb/202311/W020250107625663560312.pdf,限额以上住宿和餐饮业口径；不得代表全区住宿总供给
2022,beds,1934,count,observed_yearbook,above_designated_size_accommodation_and_catering,jizhou_yearbook_2022,gov_jz_yearbook_2022,1,https://www.tjjz.gov.cn/zwgk/sjfb/tjnb/202311/W020250107625663560312.pdf,限额以上住宿和餐饮业口径；不得代表全区住宿总供给
2022,room_revenue,4632,10k_cny,observed_yearbook,above_designated_size_accommodation_and_catering,jizhou_yearbook_2022,gov_jz_yearbook_2022,1,https://www.tjjz.gov.cn/zwgk/sjfb/tjnb/202311/W020250107625663560312.pdf,限额以上住宿和餐饮业口径；不得代表全区住宿总供给
2023,guest_rooms,1361,count,observed_yearbook,above_designated_size_accommodation_and_catering,jizhou_yearbook_2023,gov_jz_yearbook_2023,1,https://www.tjjz.gov.cn/zwgk/sjfb/tjnb/202501/W020250103638170510358.pdf,限额以上住宿和餐饮业口径；不得代表全区住宿总供给
2023,beds,2292,count,observed_yearbook,above_designated_size_accommodation_and_catering,jizhou_yearbook_2023,gov_jz_yearbook_2023,1,https://www.tjjz.gov.cn/zwgk/sjfb/tjnb/202501/W020250103638170510358.pdf,限额以上住宿和餐饮业口径；不得代表全区住宿总供给
2023,room_revenue,7053,10k_cny,observed_yearbook,above_designated_size_accommodation_and_catering,jizhou_yearbook_2023,gov_jz_yearbook_2023,1,https://www.tjjz.gov.cn/zwgk/sjfb/tjnb/202501/W020250103638170510358.pdf,限额以上住宿和餐饮业口径；不得代表全区住宿总供给
2024,guest_rooms,2178,count,observed_yearbook,above_designated_size_accommodation_and_catering,jizhou_yearbook_2024,gov_jz_yearbook_2024,1,https://www.tjjz.gov.cn/zwgk/sjfb/tjnb/202511/W020251126560102082891.pdf,限额以上住宿和餐饮业口径；不得代表全区住宿总供给
2024,beds,3673,count,observed_yearbook,above_designated_size_accommodation_and_catering,jizhou_yearbook_2024,gov_jz_yearbook_2024,1,https://www.tjjz.gov.cn/zwgk/sjfb/tjnb/202511/W020251126560102082891.pdf,限额以上住宿和餐饮业口径；不得代表全区住宿总供给
2024,room_revenue,7312,10k_cny,observed_yearbook,above_designated_size_accommodation_and_catering,jizhou_yearbook_2024,gov_jz_yearbook_2024,1,https://www.tjjz.gov.cn/zwgk/sjfb/tjnb/202511/W020251126560102082891.pdf,限额以上住宿和餐饮业口径；不得代表全区住宿总供给
2024,guest_rooms,170,count,observed_yearbook,star_rated_hotels,tianjin_culture_tourism_2024,gov_tj_whly_star_hotels_2024,1,https://whly.tj.gov.cn/ZWGKYXXGK1640/ZFXXGK5456_1/FDZDGKNR5153/TJXX3610/202509/W020250912551107590041.xls,蓟州星级饭店分区表；该年数值均列五星级栏；不得与限上系列相加
2024,beds,323,count,observed_yearbook,star_rated_hotels,tianjin_culture_tourism_2024,gov_tj_whly_star_hotels_2024,1,https://whly.tj.gov.cn/ZWGKYXXGK1640/ZFXXGK5456_1/FDZDGKNR5153/TJXX3610/202509/W020250912551107590041.xls,蓟州星级饭店分区表；该年数值均列五星级栏；不得与限上系列相加
