metric,lambda,alpha_code_parameter,simulated_training,inner_validation_count,mean_inner_smape_percent,std_inner_smape_percent,mean_inner_absolute_log_error,selected_lambda,selection_status,boundary_hit,boundary_side,min_required_inner_validations,selection_track,selected_for_forecast
tourist_visits,0.0001000000,0.0001000000,False,7,11.7942996709,14.4291578612,0.1190103301,0.0001000000,selected_by_nested_expanding_origin_smape,True,lower,3,official_only,False
tourist_visits,0.0001778279,0.0001778279,False,7,11.7945972963,14.4288672344,0.1190132828,0.0001000000,selected_by_nested_expanding_origin_smape,True,lower,3,official_only,False
tourist_visits,0.0003162278,0.0003162278,False,7,11.7951265391,14.4283504314,0.1190185335,0.0001000000,selected_by_nested_expanding_origin_smape,True,lower,3,official_only,False
tourist_visits,0.0005623413,0.0005623413,False,7,11.7960676233,14.4274314514,0.1190278700,0.0001000000,selected_by_nested_expanding_origin_smape,True,lower,3,official_only,False
tourist_visits,0.0010000000,0.0010000000,False,7,11.7977409524,14.4257973751,0.1190444712,0.0001000000,selected_by_nested_expanding_origin_smape,True,lower,3,official_only,False
tourist_visits,0.0017782794,0.0017782794,False,7,11.8007160248,14.4228919324,0.1190739871,0.0001000000,selected_by_nested_expanding_origin_smape,True,lower,3,official_only,False
tourist_visits,0.0031622777,0.0031622777,False,7,11.8060047196,14.4177265123,0.1191264568,0.0001000000,selected_by_nested_expanding_origin_smape,True,lower,3,official_only,False
tourist_visits,0.0056234133,0.0056234133,False,7,11.8154037614,14.4085449620,0.1192197061,0.0001000000,selected_by_nested_expanding_origin_smape,True,lower,3,official_only,False
tourist_visits,0.0100000000,0.0100000000,False,7,11.8320997715,14.3922302662,0.1193853513,0.0001000000,selected_by_nested_expanding_origin_smape,True,lower,3,official_only,False
tourist_visits,0.0177827941,0.0177827941,False,7,11.8617328055,14.3632581498,0.1196793528,0.0001000000,selected_by_nested_expanding_origin_smape,True,lower,3,official_only,False
tourist_visits,0.0316227766,0.0316227766,False,7,11.9142487128,14.3118635726,0.1202004001,0.0001000000,selected_by_nested_expanding_origin_smape,True,lower,3,official_only,False
tourist_visits,0.0562341325,0.0562341325,False,7,12.0070720814,14.2208653583,0.1211214151,0.0001000000,selected_by_nested_expanding_origin_smape,True,lower,3,official_only,False
tourist_visits,0.1000000000,0.1000000000,False,7,12.1703765418,14.0602823239,0.1227419149,0.0001000000,selected_by_nested_expanding_origin_smape,True,lower,3,official_only,False
tourist_visits,0.1778279410,0.1778279410,False,7,12.4553384436,13.7785564282,0.1255701355,0.0001000000,selected_by_nested_expanding_origin_smape,True,lower,3,official_only,False
tourist_visits,0.3162277660,0.3162277660,False,7,12.9455826812,13.2892901685,0.1304373226,0.0001000000,selected_by_nested_expanding_origin_smape,True,lower,3,official_only,False
tourist_visits,0.5623413252,0.5623413252,False,7,13.7688350405,12.4542223194,0.1386155455,0.0001000000,selected_by_nested_expanding_origin_smape,True,lower,3,official_only,False
tourist_visits,1.0000000000,1.0000000000,False,7,15.0970249203,11.0699655219,0.1518249256,0.0001000000,selected_by_nested_expanding_origin_smape,True,lower,3,official_only,False
tourist_visits,1.7782794100,1.7782794100,False,7,17.1082580191,8.8850218736,0.1718714063,0.0001000000,selected_by_nested_expanding_origin_smape,True,lower,3,official_only,False
tourist_visits,3.1622776602,3.1622776602,False,7,19.8807198186,5.7393805934,0.1996201055,0.0001000000,selected_by_nested_expanding_origin_smape,True,lower,3,official_only,False
tourist_visits,5.6234132519,5.6234132519,False,7,23.2446168674,2.7774894594,0.2335387123,0.0001000000,selected_by_nested_expanding_origin_smape,True,lower,3,official_only,False
tourist_visits,10.0000000000,10.0000000000,False,7,26.7378248054,6.0323530097,0.2691841589,0.0001000000,selected_by_nested_expanding_origin_smape,True,lower,3,official_only,False
tourist_visits,17.7827941004,17.7827941004,False,7,29.8074400663,11.7468783713,0.3010293300,0.0001000000,selected_by_nested_expanding_origin_smape,True,lower,3,official_only,False
tourist_visits,31.6227766017,31.6227766017,False,7,33.7422023888,13.0094830246,0.3417061108,0.0001000000,selected_by_nested_expanding_origin_smape,True,lower,3,official_only,False
tourist_visits,56.2341325190,56.2341325190,False,7,37.5660974211,11.6321918703,0.3811791542,0.0001000000,selected_by_nested_expanding_origin_smape,True,lower,3,official_only,False
tourist_visits,100.0000000000,100.0000000000,False,7,40.1541914942,10.7423501704,0.4080430763,0.0001000000,selected_by_nested_expanding_origin_smape,True,lower,3,official_only,False
tourist_visits,177.8279410039,177.8279410039,False,7,41.7864582204,10.2304424617,0.4250586365,0.0001000000,selected_by_nested_expanding_origin_smape,True,lower,3,official_only,False
tourist_visits,316.2277660168,316.2277660168,False,7,42.7693992656,9.9508613787,0.4353358346,0.0001000000,selected_by_nested_expanding_origin_smape,True,lower,3,official_only,False
tourist_visits,562.3413251903,562.3413251903,False,7,43.3446530159,9.7998310740,0.4413618694,0.0001000000,selected_by_nested_expanding_origin_smape,True,lower,3,official_only,False
tourist_visits,1000.0000000000,1000.0000000000,False,7,43.6756409222,9.7177014565,0.4448331063,0.0001000000,selected_by_nested_expanding_origin_smape,True,lower,3,official_only,False
tourist_visits,0.0001000000,0.0001000000,True,7,11.8990148954,14.7014358964,0.1201115324,0.0001000000,selected_by_nested_expanding_origin_smape,True,lower,3,fold_local_augmented_sensitivity,True
tourist_visits,0.0001778279,0.0001778279,True,7,11.8992839184,14.7010705784,0.1201141831,0.0001000000,selected_by_nested_expanding_origin_smape,True,lower,3,fold_local_augmented_sensitivity,True
tourist_visits,0.0003162278,0.0003162278,True,7,11.8997623038,14.7004209682,0.1201188967,0.0001000000,selected_by_nested_expanding_origin_smape,True,lower,3,fold_local_augmented_sensitivity,True
tourist_visits,0.0005623413,0.0005623413,True,7,11.9006129665,14.6992658665,0.1201272784,0.0001000000,selected_by_nested_expanding_origin_smape,True,lower,3,fold_local_augmented_sensitivity,True
tourist_visits,0.0010000000,0.0010000000,True,7,11.9021255558,14.6972120465,0.1201421823,0.0001000000,selected_by_nested_expanding_origin_smape,True,lower,3,fold_local_augmented_sensitivity,True
tourist_visits,0.0017782794,0.0017782794,True,7,11.9048149614,14.6935606458,0.1201686817,0.0001000000,selected_by_nested_expanding_origin_smape,True,lower,3,fold_local_augmented_sensitivity,True
tourist_visits,0.0031622777,0.0031622777,True,7,11.9095962093,14.6870701693,0.1202157932,0.0001000000,selected_by_nested_expanding_origin_smape,True,lower,3,fold_local_augmented_sensitivity,True
tourist_visits,0.0056234133,0.0056234133,True,7,11.9180946001,14.6755369260,0.1202995330,0.0001000000,selected_by_nested_expanding_origin_smape,True,lower,3,fold_local_augmented_sensitivity,True
tourist_visits,0.0100000000,0.0100000000,True,7,11.9331944639,14.6550548625,0.1204483267,0.0001000000,selected_by_nested_expanding_origin_smape,True,lower,3,fold_local_augmented_sensitivity,True
tourist_visits,0.0177827941,0.0177827941,True,7,11.9600063069,14.6187179795,0.1207125481,0.0001000000,selected_by_nested_expanding_origin_smape,True,lower,3,fold_local_augmented_sensitivity,True
tourist_visits,0.0316227766,0.0316227766,True,7,12.0075593512,14.5543711220,0.1211812232,0.0001000000,selected_by_nested_expanding_origin_smape,True,lower,3,fold_local_augmented_sensitivity,True
tourist_visits,0.0562341325,0.0562341325,True,7,12.0917259215,14.4407906596,0.1220109312,0.0001000000,selected_by_nested_expanding_origin_smape,True,lower,3,fold_local_augmented_sensitivity,True
tourist_visits,0.1000000000,0.1000000000,True,7,12.2401570370,14.2414423457,0.1234746964,0.0001000000,selected_by_nested_expanding_origin_smape,True,lower,3,fold_local_augmented_sensitivity,True
tourist_visits,0.1778279410,0.1778279410,True,7,12.5002513290,13.8950083967,0.1260412757,0.0001000000,selected_by_nested_expanding_origin_smape,True,lower,3,fold_local_augmented_sensitivity,True
tourist_visits,0.3162277660,0.3162277660,True,7,12.9509298071,13.3031211601,0.1304933136,0.0001000000,selected_by_nested_expanding_origin_smape,True,lower,3,fold_local_augmented_sensitivity,True
tourist_visits,0.5623413252,0.5623413252,True,7,13.7168268954,12.3203332895,0.1380725593,0.0001000000,selected_by_nested_expanding_origin_smape,True,lower,3,fold_local_augmented_sensitivity,True
tourist_visits,1.0000000000,1.0000000000,True,7,14.9762651438,10.7622251139,0.1505698943,0.0001000000,selected_by_nested_expanding_origin_smape,True,lower,3,fold_local_augmented_sensitivity,True
tourist_visits,1.7782794100,1.7782794100,True,7,16.9387535867,8.4640270588,0.1701212449,0.0001000000,selected_by_nested_expanding_origin_smape,True,lower,3,fold_local_augmented_sensitivity,True
tourist_visits,3.1622776602,3.1622776602,True,7,19.7531924107,5.4525124188,0.1983142471,0.0001000000,selected_by_nested_expanding_origin_smape,True,lower,3,fold_local_augmented_sensitivity,True
tourist_visits,5.6234132519,5.6234132519,True,7,23.3418076276,2.8119842799,0.2345249936,0.0001000000,selected_by_nested_expanding_origin_smape,True,lower,3,fold_local_augmented_sensitivity,True
tourist_visits,10.0000000000,10.0000000000,True,7,27.2829731553,4.7839677486,0.2746726958,0.0001000000,selected_by_nested_expanding_origin_smape,True,lower,3,fold_local_augmented_sensitivity,True
tourist_visits,17.7827941004,17.7827941004,True,7,30.9446820618,8.8829612213,0.3124220012,0.0001000000,selected_by_nested_expanding_origin_smape,True,lower,3,fold_local_augmented_sensitivity,True
tourist_visits,31.6227766017,31.6227766017,True,7,33.8341165087,12.7784026341,0.3426260814,0.0001000000,selected_by_nested_expanding_origin_smape,True,lower,3,fold_local_augmented_sensitivity,True
tourist_visits,56.2341325190,56.2341325190,True,7,35.8220838615,15.9331165936,0.3637085975,0.0001000000,selected_by_nested_expanding_origin_smape,True,lower,3,fold_local_augmented_sensitivity,True
tourist_visits,100.0000000000,100.0000000000,True,7,37.7040207958,16.6164651155,0.3834541653,0.0001000000,selected_by_nested_expanding_origin_smape,True,lower,3,fold_local_augmented_sensitivity,True
tourist_visits,177.8279410039,177.8279410039,True,7,39.1649349648,16.3335283958,0.3986958797,0.0001000000,selected_by_nested_expanding_origin_smape,True,lower,3,fold_local_augmented_sensitivity,True
tourist_visits,316.2277660168,316.2277660168,True,7,40.0511774925,16.1409435171,0.4079583991,0.0001000000,selected_by_nested_expanding_origin_smape,True,lower,3,fold_local_augmented_sensitivity,True
tourist_visits,562.3413251903,562.3413251903,True,7,40.5726468648,16.0198257783,0.4134142225,0.0001000000,selected_by_nested_expanding_origin_smape,True,lower,3,fold_local_augmented_sensitivity,True
tourist_visits,1000.0000000000,1000.0000000000,True,7,40.8737478402,15.9471899809,0.4165663778,0.0001000000,selected_by_nested_expanding_origin_smape,True,lower,3,fold_local_augmented_sensitivity,True
tourist_visits,0.0000000000,0.0000000000,False,7,11.7939172456,14.4295312910,0.1190065360,0.0000000000,selected_by_nested_expanding_origin_smape,True,lower,3,zero_boundary_diagnostic,False
tourist_visits,0.0000010000,0.0000010000,False,7,11.7939210699,14.4295275567,0.1190065740,0.0000000000,selected_by_nested_expanding_origin_smape,True,lower,3,zero_boundary_diagnostic,False
tourist_visits,0.0000100000,0.0000100000,False,7,11.7939554887,14.4294939476,0.1190069154,0.0000000000,selected_by_nested_expanding_origin_smape,True,lower,3,zero_boundary_diagnostic,False
tourist_visits,0.0001000000,0.0001000000,False,7,11.7942996709,14.4291578612,0.1190103301,0.0000000000,selected_by_nested_expanding_origin_smape,True,lower,3,zero_boundary_diagnostic,False
tourist_visits,0.0001778279,0.0001778279,False,7,11.7945972963,14.4288672344,0.1190132828,0.0000000000,selected_by_nested_expanding_origin_smape,True,lower,3,zero_boundary_diagnostic,False
tourist_visits,0.0003162278,0.0003162278,False,7,11.7951265391,14.4283504314,0.1190185335,0.0000000000,selected_by_nested_expanding_origin_smape,True,lower,3,zero_boundary_diagnostic,False
tourist_visits,0.0005623413,0.0005623413,False,7,11.7960676233,14.4274314514,0.1190278700,0.0000000000,selected_by_nested_expanding_origin_smape,True,lower,3,zero_boundary_diagnostic,False
tourist_visits,0.0010000000,0.0010000000,False,7,11.7977409524,14.4257973751,0.1190444712,0.0000000000,selected_by_nested_expanding_origin_smape,True,lower,3,zero_boundary_diagnostic,False
tourist_visits,0.0017782794,0.0017782794,False,7,11.8007160248,14.4228919324,0.1190739871,0.0000000000,selected_by_nested_expanding_origin_smape,True,lower,3,zero_boundary_diagnostic,False
tourist_visits,0.0031622777,0.0031622777,False,7,11.8060047196,14.4177265123,0.1191264568,0.0000000000,selected_by_nested_expanding_origin_smape,True,lower,3,zero_boundary_diagnostic,False
tourist_visits,0.0056234133,0.0056234133,False,7,11.8154037614,14.4085449620,0.1192197061,0.0000000000,selected_by_nested_expanding_origin_smape,True,lower,3,zero_boundary_diagnostic,False
tourist_visits,0.0100000000,0.0100000000,False,7,11.8320997715,14.3922302662,0.1193853513,0.0000000000,selected_by_nested_expanding_origin_smape,True,lower,3,zero_boundary_diagnostic,False
tourist_visits,0.0177827941,0.0177827941,False,7,11.8617328055,14.3632581498,0.1196793528,0.0000000000,selected_by_nested_expanding_origin_smape,True,lower,3,zero_boundary_diagnostic,False
tourist_visits,0.0316227766,0.0316227766,False,7,11.9142487128,14.3118635726,0.1202004001,0.0000000000,selected_by_nested_expanding_origin_smape,True,lower,3,zero_boundary_diagnostic,False
tourist_visits,0.0562341325,0.0562341325,False,7,12.0070720814,14.2208653583,0.1211214151,0.0000000000,selected_by_nested_expanding_origin_smape,True,lower,3,zero_boundary_diagnostic,False
tourist_visits,0.1000000000,0.1000000000,False,7,12.1703765418,14.0602823239,0.1227419149,0.0000000000,selected_by_nested_expanding_origin_smape,True,lower,3,zero_boundary_diagnostic,False
tourist_visits,0.1778279410,0.1778279410,False,7,12.4553384436,13.7785564282,0.1255701355,0.0000000000,selected_by_nested_expanding_origin_smape,True,lower,3,zero_boundary_diagnostic,False
tourist_visits,0.3162277660,0.3162277660,False,7,12.9455826812,13.2892901685,0.1304373226,0.0000000000,selected_by_nested_expanding_origin_smape,True,lower,3,zero_boundary_diagnostic,False
tourist_visits,0.5623413252,0.5623413252,False,7,13.7688350405,12.4542223194,0.1386155455,0.0000000000,selected_by_nested_expanding_origin_smape,True,lower,3,zero_boundary_diagnostic,False
tourist_visits,1.0000000000,1.0000000000,False,7,15.0970249203,11.0699655219,0.1518249256,0.0000000000,selected_by_nested_expanding_origin_smape,True,lower,3,zero_boundary_diagnostic,False
tourist_visits,1.7782794100,1.7782794100,False,7,17.1082580191,8.8850218736,0.1718714063,0.0000000000,selected_by_nested_expanding_origin_smape,True,lower,3,zero_boundary_diagnostic,False
tourist_visits,3.1622776602,3.1622776602,False,7,19.8807198186,5.7393805934,0.1996201055,0.0000000000,selected_by_nested_expanding_origin_smape,True,lower,3,zero_boundary_diagnostic,False
tourist_visits,5.6234132519,5.6234132519,False,7,23.2446168674,2.7774894594,0.2335387123,0.0000000000,selected_by_nested_expanding_origin_smape,True,lower,3,zero_boundary_diagnostic,False
tourist_visits,10.0000000000,10.0000000000,False,7,26.7378248054,6.0323530097,0.2691841589,0.0000000000,selected_by_nested_expanding_origin_smape,True,lower,3,zero_boundary_diagnostic,False
tourist_visits,17.7827941004,17.7827941004,False,7,29.8074400663,11.7468783713,0.3010293300,0.0000000000,selected_by_nested_expanding_origin_smape,True,lower,3,zero_boundary_diagnostic,False
tourist_visits,31.6227766017,31.6227766017,False,7,33.7422023888,13.0094830246,0.3417061108,0.0000000000,selected_by_nested_expanding_origin_smape,True,lower,3,zero_boundary_diagnostic,False
tourist_visits,56.2341325190,56.2341325190,False,7,37.5660974211,11.6321918703,0.3811791542,0.0000000000,selected_by_nested_expanding_origin_smape,True,lower,3,zero_boundary_diagnostic,False
tourist_visits,100.0000000000,100.0000000000,False,7,40.1541914942,10.7423501704,0.4080430763,0.0000000000,selected_by_nested_expanding_origin_smape,True,lower,3,zero_boundary_diagnostic,False
tourist_visits,177.8279410039,177.8279410039,False,7,41.7864582204,10.2304424617,0.4250586365,0.0000000000,selected_by_nested_expanding_origin_smape,True,lower,3,zero_boundary_diagnostic,False
tourist_visits,316.2277660168,316.2277660168,False,7,42.7693992656,9.9508613787,0.4353358346,0.0000000000,selected_by_nested_expanding_origin_smape,True,lower,3,zero_boundary_diagnostic,False
tourist_visits,562.3413251903,562.3413251903,False,7,43.3446530159,9.7998310740,0.4413618694,0.0000000000,selected_by_nested_expanding_origin_smape,True,lower,3,zero_boundary_diagnostic,False
tourist_visits,1000.0000000000,1000.0000000000,False,7,43.6756409222,9.7177014565,0.4448331063,0.0000000000,selected_by_nested_expanding_origin_smape,True,lower,3,zero_boundary_diagnostic,False
tourism_comprehensive_income,0.0001000000,0.0001000000,False,7,15.3447422108,16.2420787564,0.1552206387,0.0001000000,selected_by_nested_expanding_origin_smape,True,lower,3,official_only,False
tourism_comprehensive_income,0.0001778279,0.0001778279,False,7,15.3449480766,16.2417767943,0.1552226593,0.0001000000,selected_by_nested_expanding_origin_smape,True,lower,3,official_only,False
tourism_comprehensive_income,0.0003162278,0.0003162278,False,7,15.3453141512,16.2412398748,0.1552262524,0.0001000000,selected_by_nested_expanding_origin_smape,True,lower,3,official_only,False
tourism_comprehensive_income,0.0005623413,0.0005623413,False,7,15.3459650950,16.2402852511,0.1552326415,0.0001000000,selected_by_nested_expanding_origin_smape,True,lower,3,official_only,False
tourism_comprehensive_income,0.0010000000,0.0010000000,False,7,15.3471225316,16.2385881985,0.1552440021,0.0001000000,selected_by_nested_expanding_origin_smape,True,lower,3,official_only,False
tourism_comprehensive_income,0.0017782794,0.0017782794,False,7,15.3491803868,16.2355720564,0.1552642006,0.0001000000,selected_by_nested_expanding_origin_smape,True,lower,3,official_only,False
tourism_comprehensive_income,0.0031622777,0.0031622777,False,7,15.3528385946,16.2302138612,0.1553001075,0.0001000000,selected_by_nested_expanding_origin_smape,True,lower,3,official_only,False
tourism_comprehensive_income,0.0056234133,0.0056234133,False,7,15.3593400115,16.2207023982,0.1553639232,0.0001000000,selected_by_nested_expanding_origin_smape,True,lower,3,official_only,False
tourism_comprehensive_income,0.0100000000,0.0100000000,False,7,15.3708890343,16.2038417769,0.1554772892,0.0001000000,selected_by_nested_expanding_origin_smape,True,lower,3,official_only,False
tourism_comprehensive_income,0.0177827941,0.0177827941,False,7,15.3913875768,16.1740275715,0.1556785189,0.0001000000,selected_by_nested_expanding_origin_smape,True,lower,3,official_only,False
tourism_comprehensive_income,0.0316227766,0.0316227766,False,7,15.4277173722,16.1215417313,0.1560352063,0.0001000000,selected_by_nested_expanding_origin_smape,True,lower,3,official_only,False
tourism_comprehensive_income,0.0562341325,0.0562341325,False,7,15.4919378340,16.0298827358,0.1566658689,0.0001000000,selected_by_nested_expanding_origin_smape,True,lower,3,official_only,False
tourism_comprehensive_income,0.1000000000,0.1000000000,False,7,15.6049408046,15.8721447099,0.1577760365,0.0001000000,selected_by_nested_expanding_origin_smape,True,lower,3,official_only,False
tourism_comprehensive_income,0.1778279410,0.1778279410,False,7,15.8021854798,15.6080355737,0.1597151907,0.0001000000,selected_by_nested_expanding_origin_smape,True,lower,3,official_only,False
tourism_comprehensive_income,0.3162277660,0.3162277660,False,7,16.1416792748,15.1888974124,0.1630569778,0.0001000000,selected_by_nested_expanding_origin_smape,True,lower,3,official_only,False
tourism_comprehensive_income,0.5623413252,0.5623413252,False,7,16.7121542298,14.5956572119,0.1686845294,0.0001000000,selected_by_nested_expanding_origin_smape,True,lower,3,official_only,False
tourism_comprehensive_income,1.0000000000,1.0000000000,False,7,17.6331565417,13.9751265634,0.1778034500,0.0001000000,selected_by_nested_expanding_origin_smape,True,lower,3,official_only,False
tourism_comprehensive_income,1.7782794100,1.7782794100,False,7,20.1664075916,11.9427694686,0.2030852220,0.0001000000,selected_by_nested_expanding_origin_smape,True,lower,3,official_only,False
tourism_comprehensive_income,3.1622776602,3.1622776602,False,7,24.4276227988,8.0649958070,0.2458630147,0.0001000000,selected_by_nested_expanding_origin_smape,True,lower,3,official_only,False
tourism_comprehensive_income,5.6234132519,5.6234132519,False,7,29.6145392956,4.6613833448,0.2984861645,0.0001000000,selected_by_nested_expanding_origin_smape,True,lower,3,official_only,False
tourism_comprehensive_income,10.0000000000,10.0000000000,False,7,35.0618616083,7.6177781808,0.3547236107,0.0001000000,selected_by_nested_expanding_origin_smape,True,lower,3,official_only,False
tourism_comprehensive_income,17.7827941004,17.7827941004,False,7,39.9679965987,13.8749338397,0.4066117900,0.0001000000,selected_by_nested_expanding_origin_smape,True,lower,3,official_only,False
tourism_comprehensive_income,31.6227766017,31.6227766017,False,7,43.8110038383,19.8219444223,0.4483916466,0.0001000000,selected_by_nested_expanding_origin_smape,True,lower,3,official_only,False
tourism_comprehensive_income,56.2341325190,56.2341325190,False,7,48.3857012597,19.7832749336,0.4972637503,0.0001000000,selected_by_nested_expanding_origin_smape,True,lower,3,official_only,False
tourism_comprehensive_income,100.0000000000,100.0000000000,False,7,51.6478043684,19.3069876392,0.5323426881,0.0001000000,selected_by_nested_expanding_origin_smape,True,lower,3,official_only,False
tourism_comprehensive_income,177.8279410039,177.8279410039,False,7,53.6977103456,19.0281954208,0.5545522624,0.0001000000,selected_by_nested_expanding_origin_smape,True,lower,3,official_only,False
tourism_comprehensive_income,316.2277660168,316.2277660168,False,7,54.9296880717,18.8719111304,0.5679669923,0.0001000000,selected_by_nested_expanding_origin_smape,True,lower,3,official_only,False
tourism_comprehensive_income,562.3413251903,562.3413251903,False,7,55.6498996820,18.7853192152,0.5758337358,0.0001000000,selected_by_nested_expanding_origin_smape,True,lower,3,official_only,False
tourism_comprehensive_income,1000.0000000000,1000.0000000000,False,7,56.0640440366,18.7372979901,0.5803658136,0.0001000000,selected_by_nested_expanding_origin_smape,True,lower,3,official_only,False
tourism_comprehensive_income,0.0001000000,0.0001000000,True,7,15.4388304746,20.1146616995,0.1572690494,0.0001000000,selected_by_nested_expanding_origin_smape,True,lower,3,fold_local_augmented_sensitivity,True
tourism_comprehensive_income,0.0001778279,0.0001778279,True,7,15.4390189662,20.1145153132,0.1572709202,0.0001000000,selected_by_nested_expanding_origin_smape,True,lower,3,fold_local_augmented_sensitivity,True
tourism_comprehensive_income,0.0003162278,0.0003162278,True,7,15.4393541488,20.1142550388,0.1572742470,0.0001000000,selected_by_nested_expanding_origin_smape,True,lower,3,fold_local_augmented_sensitivity,True
tourism_comprehensive_income,0.0005623413,0.0005623413,True,7,15.4399501712,20.1137923288,0.1572801626,0.0001000000,selected_by_nested_expanding_origin_smape,True,lower,3,fold_local_augmented_sensitivity,True
tourism_comprehensive_income,0.0010000000,0.0010000000,True,7,15.4410099842,20.1129699139,0.1572906815,0.0001000000,selected_by_nested_expanding_origin_smape,True,lower,3,fold_local_augmented_sensitivity,True
tourism_comprehensive_income,0.0017782794,0.0017782794,True,7,15.4428943702,20.1115087352,0.1573093846,0.0001000000,selected_by_nested_expanding_origin_smape,True,lower,3,fold_local_augmented_sensitivity,True
tourism_comprehensive_income,0.0031622777,0.0031622777,True,7,15.4462445205,20.1089144743,0.1573426360,0.0001000000,selected_by_nested_expanding_origin_smape,True,lower,3,fold_local_augmented_sensitivity,True
tourism_comprehensive_income,0.0056234133,0.0056234133,True,7,15.4521994490,20.1043141756,0.1574017414,0.0001000000,selected_by_nested_expanding_origin_smape,True,lower,3,fold_local_augmented_sensitivity,True
tourism_comprehensive_income,0.0100000000,0.0100000000,True,7,15.4627808391,20.0961746450,0.1575067687,0.0001000000,selected_by_nested_expanding_origin_smape,True,lower,3,fold_local_augmented_sensitivity,True
tourism_comprehensive_income,0.0177827941,0.0177827941,True,7,15.4815718092,20.0818296893,0.1576932885,0.0001000000,selected_by_nested_expanding_origin_smape,True,lower,3,fold_local_augmented_sensitivity,True
tourism_comprehensive_income,0.0316227766,0.0316227766,True,7,15.5149063194,20.0567266435,0.1580241894,0.0001000000,selected_by_nested_expanding_origin_smape,True,lower,3,fold_local_augmented_sensitivity,True
tourism_comprehensive_income,0.0562341325,0.0562341325,True,7,15.5739289890,20.0133549728,0.1586101549,0.0001000000,selected_by_nested_expanding_origin_smape,True,lower,3,fold_local_augmented_sensitivity,True
tourism_comprehensive_income,0.1000000000,0.1000000000,True,7,15.6780857970,19.9401496382,0.1596444041,0.0001000000,selected_by_nested_expanding_origin_smape,True,lower,3,fold_local_augmented_sensitivity,True
tourism_comprehensive_income,0.1778279410,0.1778279410,True,7,15.8608013576,19.8218801878,0.1614593097,0.0001000000,selected_by_nested_expanding_origin_smape,True,lower,3,fold_local_augmented_sensitivity,True
tourism_comprehensive_income,0.3162277660,0.3162277660,True,7,16.1779785695,19.6466046718,0.1646114522,0.0001000000,selected_by_nested_expanding_origin_smape,True,lower,3,fold_local_augmented_sensitivity,True
tourism_comprehensive_income,0.5623413252,0.5623413252,True,7,16.7185051740,19.4322796125,0.1699874249,0.0001000000,selected_by_nested_expanding_origin_smape,True,lower,3,fold_local_augmented_sensitivity,True
tourism_comprehensive_income,1.0000000000,1.0000000000,True,7,18.0644668237,18.7991913625,0.1834081523,0.0001000000,selected_by_nested_expanding_origin_smape,True,lower,3,fold_local_augmented_sensitivity,True
tourism_comprehensive_income,1.7782794100,1.7782794100,True,7,21.2308992408,16.6722660439,0.2150415858,0.0001000000,selected_by_nested_expanding_origin_smape,True,lower,3,fold_local_augmented_sensitivity,True
tourism_comprehensive_income,3.1622776602,3.1622776602,True,7,25.5453035669,13.5577813309,0.2582502718,0.0001000000,selected_by_nested_expanding_origin_smape,True,lower,3,fold_local_augmented_sensitivity,True
tourism_comprehensive_income,5.6234132519,5.6234132519,True,7,30.7187883158,9.3032509034,0.3103526016,0.0001000000,selected_by_nested_expanding_origin_smape,True,lower,3,fold_local_augmented_sensitivity,True
tourism_comprehensive_income,10.0000000000,10.0000000000,True,7,36.0331962351,4.0272006231,0.3644503342,0.0001000000,selected_by_nested_expanding_origin_smape,True,lower,3,fold_local_augmented_sensitivity,True
tourism_comprehensive_income,17.7827941004,17.7827941004,True,7,40.6360060052,2.8019739252,0.4121676857,0.0001000000,selected_by_nested_expanding_origin_smape,True,lower,3,fold_local_augmented_sensitivity,True
tourism_comprehensive_income,31.6227766017,31.6227766017,True,7,43.9990509088,8.7807513527,0.4480163032,0.0001000000,selected_by_nested_expanding_origin_smape,True,lower,3,fold_local_augmented_sensitivity,True
tourism_comprehensive_income,56.2341325190,56.2341325190,True,7,46.1169949554,14.2478534229,0.4714510221,0.0001000000,selected_by_nested_expanding_origin_smape,True,lower,3,fold_local_augmented_sensitivity,True
tourism_comprehensive_income,100.0000000000,100.0000000000,True,7,47.3150127463,18.5108388475,0.4852936159,0.0001000000,selected_by_nested_expanding_origin_smape,True,lower,3,fold_local_augmented_sensitivity,True
tourism_comprehensive_income,177.8279410039,177.8279410039,True,7,47.9547176361,21.4879522508,0.4930119448,0.0001000000,selected_by_nested_expanding_origin_smape,True,lower,3,fold_local_augmented_sensitivity,True
tourism_comprehensive_income,316.2277660168,316.2277660168,True,7,49.1183734752,21.3031061018,0.5054982209,0.0001000000,selected_by_nested_expanding_origin_smape,True,lower,3,fold_local_augmented_sensitivity,True
tourism_comprehensive_income,562.3413251903,562.3413251903,True,7,49.9906765459,20.7188192302,0.5147387948,0.0001000000,selected_by_nested_expanding_origin_smape,True,lower,3,fold_local_augmented_sensitivity,True
tourism_comprehensive_income,1000.0000000000,1000.0000000000,True,7,50.4990806707,20.3709706145,0.5201281960,0.0001000000,selected_by_nested_expanding_origin_smape,True,lower,3,fold_local_augmented_sensitivity,True
tourism_comprehensive_income,0.0000000000,0.0000000000,False,7,15.3444776895,16.2424667750,0.1552180424,0.0000000000,selected_by_nested_expanding_origin_smape,True,lower,3,zero_boundary_diagnostic,False
tourism_comprehensive_income,0.0000010000,0.0000010000,False,7,15.3444803347,16.2424628946,0.1552180683,0.0000000000,selected_by_nested_expanding_origin_smape,True,lower,3,zero_boundary_diagnostic,False
tourism_comprehensive_income,0.0000100000,0.0000100000,False,7,15.3445041420,16.2424279715,0.1552183020,0.0000000000,selected_by_nested_expanding_origin_smape,True,lower,3,zero_boundary_diagnostic,False
tourism_comprehensive_income,0.0001000000,0.0001000000,False,7,15.3447422108,16.2420787564,0.1552206387,0.0000000000,selected_by_nested_expanding_origin_smape,True,lower,3,zero_boundary_diagnostic,False
tourism_comprehensive_income,0.0001778279,0.0001778279,False,7,15.3449480766,16.2417767943,0.1552226593,0.0000000000,selected_by_nested_expanding_origin_smape,True,lower,3,zero_boundary_diagnostic,False
tourism_comprehensive_income,0.0003162278,0.0003162278,False,7,15.3453141512,16.2412398748,0.1552262524,0.0000000000,selected_by_nested_expanding_origin_smape,True,lower,3,zero_boundary_diagnostic,False
tourism_comprehensive_income,0.0005623413,0.0005623413,False,7,15.3459650950,16.2402852511,0.1552326415,0.0000000000,selected_by_nested_expanding_origin_smape,True,lower,3,zero_boundary_diagnostic,False
tourism_comprehensive_income,0.0010000000,0.0010000000,False,7,15.3471225316,16.2385881985,0.1552440021,0.0000000000,selected_by_nested_expanding_origin_smape,True,lower,3,zero_boundary_diagnostic,False
tourism_comprehensive_income,0.0017782794,0.0017782794,False,7,15.3491803868,16.2355720564,0.1552642006,0.0000000000,selected_by_nested_expanding_origin_smape,True,lower,3,zero_boundary_diagnostic,False
tourism_comprehensive_income,0.0031622777,0.0031622777,False,7,15.3528385946,16.2302138612,0.1553001075,0.0000000000,selected_by_nested_expanding_origin_smape,True,lower,3,zero_boundary_diagnostic,False
tourism_comprehensive_income,0.0056234133,0.0056234133,False,7,15.3593400115,16.2207023982,0.1553639232,0.0000000000,selected_by_nested_expanding_origin_smape,True,lower,3,zero_boundary_diagnostic,False
tourism_comprehensive_income,0.0100000000,0.0100000000,False,7,15.3708890343,16.2038417769,0.1554772892,0.0000000000,selected_by_nested_expanding_origin_smape,True,lower,3,zero_boundary_diagnostic,False
tourism_comprehensive_income,0.0177827941,0.0177827941,False,7,15.3913875768,16.1740275715,0.1556785189,0.0000000000,selected_by_nested_expanding_origin_smape,True,lower,3,zero_boundary_diagnostic,False
tourism_comprehensive_income,0.0316227766,0.0316227766,False,7,15.4277173722,16.1215417313,0.1560352063,0.0000000000,selected_by_nested_expanding_origin_smape,True,lower,3,zero_boundary_diagnostic,False
tourism_comprehensive_income,0.0562341325,0.0562341325,False,7,15.4919378340,16.0298827358,0.1566658689,0.0000000000,selected_by_nested_expanding_origin_smape,True,lower,3,zero_boundary_diagnostic,False
tourism_comprehensive_income,0.1000000000,0.1000000000,False,7,15.6049408046,15.8721447099,0.1577760365,0.0000000000,selected_by_nested_expanding_origin_smape,True,lower,3,zero_boundary_diagnostic,False
tourism_comprehensive_income,0.1778279410,0.1778279410,False,7,15.8021854798,15.6080355737,0.1597151907,0.0000000000,selected_by_nested_expanding_origin_smape,True,lower,3,zero_boundary_diagnostic,False
tourism_comprehensive_income,0.3162277660,0.3162277660,False,7,16.1416792748,15.1888974124,0.1630569778,0.0000000000,selected_by_nested_expanding_origin_smape,True,lower,3,zero_boundary_diagnostic,False
tourism_comprehensive_income,0.5623413252,0.5623413252,False,7,16.7121542298,14.5956572119,0.1686845294,0.0000000000,selected_by_nested_expanding_origin_smape,True,lower,3,zero_boundary_diagnostic,False
tourism_comprehensive_income,1.0000000000,1.0000000000,False,7,17.6331565417,13.9751265634,0.1778034500,0.0000000000,selected_by_nested_expanding_origin_smape,True,lower,3,zero_boundary_diagnostic,False
tourism_comprehensive_income,1.7782794100,1.7782794100,False,7,20.1664075916,11.9427694686,0.2030852220,0.0000000000,selected_by_nested_expanding_origin_smape,True,lower,3,zero_boundary_diagnostic,False
tourism_comprehensive_income,3.1622776602,3.1622776602,False,7,24.4276227988,8.0649958070,0.2458630147,0.0000000000,selected_by_nested_expanding_origin_smape,True,lower,3,zero_boundary_diagnostic,False
tourism_comprehensive_income,5.6234132519,5.6234132519,False,7,29.6145392956,4.6613833448,0.2984861645,0.0000000000,selected_by_nested_expanding_origin_smape,True,lower,3,zero_boundary_diagnostic,False
tourism_comprehensive_income,10.0000000000,10.0000000000,False,7,35.0618616083,7.6177781808,0.3547236107,0.0000000000,selected_by_nested_expanding_origin_smape,True,lower,3,zero_boundary_diagnostic,False
tourism_comprehensive_income,17.7827941004,17.7827941004,False,7,39.9679965987,13.8749338397,0.4066117900,0.0000000000,selected_by_nested_expanding_origin_smape,True,lower,3,zero_boundary_diagnostic,False
tourism_comprehensive_income,31.6227766017,31.6227766017,False,7,43.8110038383,19.8219444223,0.4483916466,0.0000000000,selected_by_nested_expanding_origin_smape,True,lower,3,zero_boundary_diagnostic,False
tourism_comprehensive_income,56.2341325190,56.2341325190,False,7,48.3857012597,19.7832749336,0.4972637503,0.0000000000,selected_by_nested_expanding_origin_smape,True,lower,3,zero_boundary_diagnostic,False
tourism_comprehensive_income,100.0000000000,100.0000000000,False,7,51.6478043684,19.3069876392,0.5323426881,0.0000000000,selected_by_nested_expanding_origin_smape,True,lower,3,zero_boundary_diagnostic,False
tourism_comprehensive_income,177.8279410039,177.8279410039,False,7,53.6977103456,19.0281954208,0.5545522624,0.0000000000,selected_by_nested_expanding_origin_smape,True,lower,3,zero_boundary_diagnostic,False
tourism_comprehensive_income,316.2277660168,316.2277660168,False,7,54.9296880717,18.8719111304,0.5679669923,0.0000000000,selected_by_nested_expanding_origin_smape,True,lower,3,zero_boundary_diagnostic,False
tourism_comprehensive_income,562.3413251903,562.3413251903,False,7,55.6498996820,18.7853192152,0.5758337358,0.0000000000,selected_by_nested_expanding_origin_smape,True,lower,3,zero_boundary_diagnostic,False
tourism_comprehensive_income,1000.0000000000,1000.0000000000,False,7,56.0640440366,18.7372979901,0.5803658136,0.0000000000,selected_by_nested_expanding_origin_smape,True,lower,3,zero_boundary_diagnostic,False
