priority,data_needed,reason,recommended_source,assumption_or_limit
必须补充,2020—2022、2025游客量与综合收入精确年度实际,决定疫情冲击、恢复速度和2026—2030预测锚点,蓟州区统计局/文旅局、政府信息公开申请、天津统计年鉴原表,当前补值只作情景，不可替代实测
必须补充,2016同口径旅游综合收入,消除收入序列中间断点,蓟州统计年鉴原表、区统计局档案,现有108.7866为取整同比反推
必须补充,旅游指标定义、调查范围和修订历史,防止把口径变化误判为增长或冲击,区统计局指标解释/统计制度文件,至少明确全域/景区、重复到访和名义/实际口径
必须补充,旅游收入平减指数或服务类CPI,将名义收入转为不变价并识别真实增长,国家统计局、天津市统计局价格指数,可用天津服务类CPI近似并做敏感性
可选补充,连续月度游客量、收入、景区客流、酒店入住率,增加样本量并支持SARIMAX/ETS/干预分析,区文旅局、重点景区、住宿业统计、OTA合作,目标不少于60个连续月份
可选补充,客源地、过夜率、停留时长、复游率、人均消费,把收入变化拆分为数量、停留和消费机制,运营商信令、问卷、OTA、文旅大数据平台,必须统一年度/节假日口径
可选补充,交通流、停车、铁路/公交客运与天气事件,解释可达性和外部冲击,交通运输部门、高德/百度开放数据、中国气象数据网,按日或月对齐，并记录闭园/暴雨事件
可选补充,旅游专项投入、项目投产时间、营销曝光,估计政策弹性与滞后效应,财政决算、发改项目库、采购公告、宣传平台后台,文旅体传媒支出不能直接当旅游专项投入
可选补充,相似区县同口径面板,支持DID、合成控制与相对趋势校验,天津其他区、北京近郊、河北相似县区统计公报/EPS,先做口径映射，再进行面板分析
